id_modulvoraussetzung,laufnummer,voraussetzung_laufnummer,bemerkung,ziel1,ziel2,ziel3,ziel4,ziel5
50,B-LS-UT 024,B-LS-UT 027,,t,t,t,t,t
8,B-LS-UT 024,B-LS-CH 001,,t,t,t,t,t
203,B-LS-PT 002,B-LS-BZ 001,,t,t,t,t,t
46,B-LS-MI 003,B-LS-MI 002,,t,t,t,t,t
65,B-LS-CH 008,B-LS-CH 003,,t,t,t,t,t
47,B-LS-MI 007,B-LS-MI 002,,t,t,t,t,t
52,B-LS-UT 012,B-LS-UT 028,,t,t,t,t,t
61,B-LS-BZ 019,B-LS-BZ 009,,t,t,t,,
11,B-LS-CH 004,B-LS-KT 039,,,,,,t
53,B-LS-UT 022,B-LS-UT 028,,t,t,t,t,t
15,B-LS-KT 023,B-LS-KT 039,,t,t,t,t,t
16,B-LS-KT 027,B-LS-KT 039,,t,t,t,t,t
21,B-LS-UT 024,B-LS-KT 039,,f,f,f,t,t
40,B-LS-MI 003,B-LS-MI 001,,t,t,t,t,t
42,B-LS-MI 007,B-LS-MI 001,,t,t,t,t,t
22,B-LS-CB 001,B-LS-KT 027,,t,f,f,f,t
204,B-LS-PT 002,B-LS-BZ 022,,t,t,t,f,f
59,B-LS-UT 005,B-LS-BZ 009,,t,t,t,t,t
100,B-LS-MT 009,B-LS-MT 007,,t,t,t,t,t
41,B-LS-MI 004,B-LS-MI 001,,t,t,t,t,t
5,B-LS-CH 011,B-LS-CH 001,,t,f,t,f,f
62,B-LS-UT 005,B-LS-BZ 009,,,,,,
13,B-LS-CH 011,B-LS-KT 039,,t,t,t,f,t
181,B-LS-MT 013,B-LS-KT 027,,t,t,t,t,t
182,B-LS-MT 013,B-LS-BZ 043,,t,t,t,t,t
183,B-LS-MT 013,B-LS-KT 022,,t,t,t,t,t
33,B-LS-BZ 003,B-LS-BZ 043,,t,t,t,,
43,B-LS-UT 012,B-LS-UT 008,,t,t,t,t,t
6,B-LS-CH 012,B-LS-CH 003,,t,t,t,t,t
63,B-LS-CB 001,B-LS-CB 012,,t,t,f,t,t
38,B-LS-CH 022,B-LS-CH 006,,t,f,f,t,t
184,B-LS-MT 013,B-LS-MT 006,,t,t,t,t,t
37,B-LS-CH 017,B-LS-CH 006,,t,t,t,,
56,B-LS-MT 019,B-LS-BZ 043,,f,f,t,f,t
185,B-LS-MT 020,B-LS-BZ 043,,t,t,t,t,t
60,B-LS-BZ 013,B-LS-BZ 009,,t,t,f,f,f
2,B-LS-CH 003,B-LS-CH 001,,,,,,
19,B-LS-PT 009,B-LS-KT 039,,t,t,t,t,f
187,B-LS-MT 020,B-LS-MT 005,,t,t,t,t,t
188,B-LS-MT 020,B-LS-KT 012,,t,t,t,t,t
189,B-LS-MT 020,B-LS-MT 012,,t,t,t,t,t
24,B-LS-CH 011,B-LS-CH 010,,t,t,t,t,t
39,B-LS-CH 027,B-LS-CH 006,,t,t,t,t,t
29,B-LS-MT 030,B-LS-KT 027,,t,t,t,t,t
14,B-LS-KT 004,B-LS-KT 039,,,,,t,t
58,B-LS-KT 016,B-LS-KT 036,,t,t,t,t,
57,B-LS-KT 036,B-LS-KT 014,,,t,t,t,
17,B-LS-MT 004,B-LS-KT 039,,,,,t,
27,B-LS-MT 004,B-LS-KT 027,,,,,t,
18,B-LS-PT 001,B-LS-KT 039,,t,t,t,,
205,B-LS-CH 012,B-LS-CH 002,,t,t,t,t,t
3,B-LS-CH 004,B-LS-CH 001,,f,f,t,f,f
31,B-LS-PT 009,B-LS-KT 027,,f,f,f,t,f
20,B-LS-PT 012,B-LS-KT 039,,t,t,t,t,f
32,B-LS-PT 012,B-LS-KT 027,,f,f,f,t,f
4,B-LS-CH 010,B-LS-CH 001,,f,f,t,f,f
25,B-LS-KT 023,B-LS-KT 022,,t,t,t,t,t
190,B-LS-CB 003,B-LS-BZ 017,,f,f,f,f,t
212,B-LS-MI 011,B-LS-KT 023,,t,t,t,t,t
192,B-LS-CB 003,B-LS-CB 020,,t,t,t,t,t
193,B-LS-CB 003,B-LS-BZ 013,,t,f,f,f,f
194,B-LS-CB 003,B-LS-BZ 010,,f,t,f,f,f
23,B-LS-CB 019,B-LS-KT 039,,t,f,f,t,f
206,B-LS-UT 001,B-LS-CB 012,,t,t,t,t,t
195,B-LS-CB 004,B-LS-BZ 017,,f,f,f,f,t
197,B-LS-CB 004,B-LS-CB 020,,t,t,t,t,t
198,B-LS-CB 004,B-LS-BZ 013,,t,f,f,f,f
199,B-LS-CB 004,B-LS-BZ 010,,f,t,f,f,f
143,B-LS-MT 009,B-LS-BZ 001,,t,t,t,t,f
7,B-LS-UT 021,B-LS-CH 001,,t,,,,
200,B-LS-UT 011,B-LS-CH 001,,t,t,t,t,t
201,B-LS-UT 011,B-LS-BZ 022,,t,t,t,t,t
207,B-LS-UT 001,B-LS-KT 007,,t,t,t,t,t
55,B-LS-MT 005,B-LS-MT 002,,t,f,f,t,t
28,B-LS-MT 005,B-LS-KT 027,,f,t,t,f,f
34,B-LS-MT 005,B-LS-BZ 043,,f,t,f,f,f
49,B-LS-UT 021,B-LS-UT 027,,,t,,t,
208,B-LS-UT 001,B-LS-UT 019,,t,t,t,t,t
202,B-LS-PT 002,B-LS-CH 001,,t,t,f,t,t
209,B-LS-UT 001,B-LS-UT 002,,t,t,t,t,t
210,B-LS-MI 011,B-LS-MI 005,,t,t,t,t,t
211,B-LS-MI 011,B-LS-MI 001,,t,t,t,t,t
10,B-LS-CB 012,B-LS-KT 039,,t,t,t,t,
213,B-LS-MI 020,B-LS-MI 011,,t,t,t,t,t
9,B-LS-UT 028,B-LS-CH 001,,t,,,,t
51,B-LS-UT 028,B-LS-UT 027,,,t,,,
214,B-LS-MI 028,B-LS-KT 039,,t,t,t,t,t
215,B-LS-MI 028,B-LS-KT 022,,t,t,t,t,t
216,B-LS-MI 028,B-LS-KT 023,,t,t,t,t,t
217,B-LS-BZ 002,B-LS-CH 001,,t,f,f,t,t
218,B-LS-BZ 002,B-LS-BZ 001,,f,t,f,f,f
219,B-LS-BZ 002,B-LS-KT 007,,t,t,f,t,f
220,B-LS-BZ 027,B-LS-BZ 022,,t,t,t,t,t
221,B-LS-BZ 027,B-LS-PT 008,,t,t,t,t,t
222,B-LS-BZ 027,B-LS-PT 004,,t,t,t,t,t
132,B-LS-MI 003,B-LS-MI 006,,t,t,t,t,t
93,B-LS-CH 023,B-LS-CH 003,,t,t,t,t,t
134,B-LS-KT 004,B-LS-KT 028,,t,,t,t,t
73,B-LS-MT 011,B-LS-KT 007,,t,t,t,t,t
148,B-LS-UT 009,B-LS-UT 024,,t,t,t,t,t
149,B-LS-UT 009,B-LS-UT 002,,t,t,t,t,t
101,B-LS-MT 019,B-LS-MT 007,,t,f,f,t,f
119,B-LS-MT 001,B-LS-KT 013,,,t,,t,
150,B-LS-MI 010,B-LS-MI 007,,t,t,t,t,t
180,B-LS-CH 020,B-LS-CH 003,,f,t,f,t,t
72,B-LS-MT 001,B-LS-KT 007,,t,t,t,t,
69,B-LS-PT 013,B-LS-PT 004,,t,t,t,t,t
117,B-LS-MT 011,B-LS-KT 012,,t,t,,t,t
71,B-LS-CH 010,B-LS-KT 007,,f,t,f,f,f
125,B-LS-CB 019,B-LS-KT 027,,f,f,f,f,t
142,B-LS-BZ 019,B-LS-BZ 010,,t,,,,
127,B-LS-CH 012,B-LS-BZ 022,,t,t,t,t,f
96,B-LS-KT 027,B-LS-KT 022,,t,t,t,t,t
121,B-LS-MT 011,B-LS-KT 013,,,t,,t,
151,B-LS-CB 029,B-LS-KT 039,,t,t,t,t,t
109,B-LS-CH 009,B-LS-CH 008,,t,t,t,t,t
77,B-LS-CH 012,B-LS-KT 012,,t,f,f,f,f
78,B-LS-CH 027,B-LS-CH 007,,f,f,f,t,t
97,B-LS-PT 001,B-LS-KT 022,,t,,,,
105,B-LS-UT 022,B-LS-BZ 014,,f,t,f,f,f
140,B-LS-UT 015,B-LS-UT 014,,t,t,t,t,t
79,B-LS-CH 036,B-LS-KT 007,,f,t,f,f,f
152,B-LS-CB 029,B-LS-KT 027,,t,t,t,t,t
153,B-LS-CB 029,B-LS-KT 022,,t,t,t,t,t
98,B-LS-PT 009,B-LS-KT 022,,t,f,f,f,f
102,B-LS-PT 001,B-LS-MT 007,,t,t,,t,
135,B-LS-MT 001,B-LS-KT 023,,t,f,t,t,
165,B-LS-MI 014,B-LS-KT 023,,t,t,t,t,t
138,B-LS-PT 009,B-LS-KT 012,,t,t,f,f,t
116,B-LS-MT 009,B-LS-KT 012,,t,t,t,t,t
74,B-LS-MT 017,B-LS-KT 013,,t,t,t,t,t
144,B-LS-PT 004,B-LS-BZ 010,,t,t,t,t,f
137,B-LS-PT 001,B-LS-KT 012,,t,t,,,t
166,B-LS-BZ 007,B-LS-CH 001,,t,t,t,t,t
75,B-LS-UT 024,B-LS-KT 007,,t,t,t,t,t
85,B-LS-BZ 011,B-LS-CH 013,,,t,,,
103,B-LS-BZ 013,B-LS-CH 013,,f,t,f,f,f
129,B-LS-BZ 013,B-LS-UT 005,,t,t,f,t,f
145,B-LS-UT 024,B-LS-BZ 009,,t,t,t,t,t
87,B-LS-BZ 015,B-LS-CH 013,,,t,,,
107,B-LS-BZ 015,B-LS-BZ 014,,,t,,,
167,B-LS-BZ 007,B-LS-BZ 005,,t,t,t,t,t
88,B-LS-BZ 034,B-LS-CH 013,,f,t,f,f,f
94,B-LS-CB 012,B-LS-KT 022,,t,t,,,
66,B-LS-PT 005,B-LS-PT 004,,t,t,t,t,t
118,B-LS-CB 019,B-LS-KT 012,,t,t,f,f,t
70,B-LS-CH 004,B-LS-KT 007,,,t,,,
159,B-LS-CH 019,B-LS-CH 006,,t,t,t,t,t
99,B-LS-PT 012,B-LS-KT 022,,t,f,f,f,f
76,B-LS-CH 010,B-LS-CH 004,,f,t,f,f,f
128,B-LS-CH 027,B-LS-CH 014,,t,t,t,t,t
124,B-LS-PT 012,B-LS-KT 012,,t,t,f,f,t
80,B-LS-UT 025,B-LS-UT 024,,t,t,t,t,t
160,B-LS-CH 019,B-LS-KT 028,,t,t,t,t,t
161,B-LS-CH 019,B-LS-MI 002,,t,t,t,t,t
91,B-LS-PT 013,B-LS-CH 013,,f,t,f,f,f
113,B-LS-KT 013,B-LS-KT 012,,t,t,t,t,t
122,B-LS-MT 030,B-LS-KT 013,,t,t,t,t,t
136,B-LS-MT 011,B-LS-KT 023,,t,t,f,t,
106,B-LS-MT 019,B-LS-BZ 003,,f,f,t,f,f
86,B-LS-BZ 013,B-LS-BZ 017,,f,f,f,t,t
120,B-LS-MT 002,B-LS-KT 013,,t,t,t,t,t
115,B-LS-MT 001,B-LS-KT 012,,t,t,,t,t
112,B-LS-CH 036,B-LS-CH 007,,t,t,t,t,t
162,B-LS-MI 014,B-LS-KT 039,,t,t,t,t,t
130,B-LS-CH 032,B-LS-CH 015,,t,t,t,t,t
131,B-LS-UT 022,B-LS-UT 005,,t,t,f,f,f
163,B-LS-MI 014,B-LS-KT 027,,t,t,t,t,t
67,B-LS-UT 021,B-LS-BZ 022,,t,t,,,
89,B-LS-CH 014,B-LS-CH 013,,,t,,,
90,B-LS-CH 015,B-LS-CH 013,,,t,,,
108,B-LS-UT 022,B-LS-BZ 015,,t,t,t,t,t
141,B-LS-UT 022,B-LS-UT 021,,t,f,t,t,t
164,B-LS-MI 014,B-LS-KT 022,,t,t,t,t,t
104,B-LS-UT 021,B-LS-UT 005,,t,t,,t,
133,B-LS-MI 007,B-LS-MI 006,,t,t,t,t,t
83,B-LS-PT 005,B-LS-BZ 022,,f,f,t,f,f
92,B-LS-UT 028,B-LS-CH 013,,,t,,,
168,B-LS-BZ 007,B-LS-CH 005,,t,t,t,t,t
169,B-LS-BZ 007,B-LS-BZ 022,,t,t,t,t,t
170,B-LS-BZ 007,B-LS-BZ 018,,t,t,t,t,t
171,B-LS-BZ 007,B-LS-BZ 010,,t,t,t,t,t
174,B-LS-BZ 005,B-LS-CH 004,,f,t,f,f,f
176,B-LS-BZ 004,B-LS-BZ 005,,t,,,,
175,B-LS-BZ 005,B-LS-BZ 010,,f,t,f,f,f
172,B-LS-BZ 005,B-LS-CH 001,,t,f,f,f,f
173,B-LS-BZ 005,B-LS-BZ 022,,f,f,t,f,t
177,B-LS-BZ 004,B-LS-BZ 014,,t,f,t,f,f
223,B-LS-BZ 027,B-LS-PT 005,,t,t,t,t,t
26,B-LS-MT 002,B-LS-KT 027,,t,t,t,t,t
224,B-LS-MI 016,B-LS-MI 007,,t,t,t,t,t
225,B-LS-BZ 022,B-LS-CH 001,,t,t,t,t,t
36,B-LS-PT 004,B-LS-BZ 043,,t,t,t,f,f
226,B-LS-PT 004,B-LS-BZ 001,,f,f,t,t,f
227,B-LS-MI 009,B-LS-MI 001,,t,t,t,t,t
228,B-LS-MI 009,B-LS-MI 006,,t,t,t,t,t
229,B-LS-BZ 026,B-LS-BZ 009,,t,t,t,t,t
231,B-LS-BZ 026,B-LS-BZ 014,,t,t,t,t,t
232,B-LS-KT 017,B-LS-KT 016,,t,t,t,t,t
233,B-LS-BZ 018,B-LS-BZ 009,,t,t,t,t,t
234,B-LS-MI 018,B-LS-MI 007,,t,t,t,t,t
235,B-LS-MI 018,B-LS-MI 021,,t,t,t,t,t
236,B-LS-BZ 028,B-LS-CH 001,,f,f,f,f,t
237,B-LS-BZ 028,B-LS-BZ 005,,t,t,t,t,t
238,B-LS-BZ 028,B-LS-CH 005,,t,t,f,f,f
239,B-LS-BZ 028,B-LS-BZ 022,,t,t,t,t,t
154,B-LS-KT 008,B-LS-KT 039,alle Studienrichtungen,t,t,t,t,t
155,B-LS-KT 008,B-LS-KT 027,"Studienrichtungen: MI, MT, CB, PT",t,t,t,t,t
158,B-LS-KT 008,B-LS-KT 023,"Studienrichtungen: MI, MT, CB, PT",t,t,t,t,t
111,B-LS-PT 014a,B-LS-PT 012,,f,t,t,f,f
84,B-LS-CB 002a,B-LS-CB 001,,t,f,f,t,t
240,B-LS-BZ 028,B-LS-BZ 018,,t,t,t,f,f
241,B-LS-BZ 028,B-LS-UT 005,,t,f,f,f,f
242,B-LS-BZ 028,B-LS-BZ 010,,t,t,t,t,t
243,B-LS-BZ 033,B-LS-BZ 007,,t,t,t,t,t
244,B-LS-BZ 033,B-LS-BZ 014,,t,t,t,t,t
245,B-LS-BZ 033,B-LS-KT 036,,t,t,t,t,f
248,B-LS-CH 018,B-LS-CH 017,,t,t,f,f,f
249,B-LS-CH 018,B-LS-CH 022,,t,t,t,t,t
250,B-LS-MT 012,B-LS-KT 027,,t,t,t,t,t
251,B-LS-MT 012,B-LS-KT 013,,t,t,t,f,f
252,B-LS-MT 012,B-LS-MT 002,,t,t,t,t,t
253,B-LS-MT 012,B-LS-MT 030,,t,t,t,t,t
254,B-LS-MI 017,B-LS-MI 014,,t,t,t,t,t
255,B-LS-MI 019,B-LS-MI 022,,t,t,t,t,t
256,B-LS-MI 019,B-LS-MI 007,,t,t,t,t,t
257,B-LS-MI 019,B-LS-MI 021,,t,t,t,t,t
258,B-LS-MT 014,B-LS-KT 027,,t,t,t,t,t
259,B-LS-MT 014,B-LS-KT 013,,t,t,t,t,f
260,B-LS-MT 014,B-LS-MT 002,,t,t,t,t,t
261,B-LS-MT 014,B-LS-MT 030,,t,t,t,t,t
262,B-LS-MT 018,B-LS-KT 027,,t,t,t,t,t
263,B-LS-MT 018,B-LS-KT 013,,t,t,t,t,f
264,B-LS-MT 018,B-LS-MT 002,,t,t,t,t,t
265,B-LS-MT 018,B-LS-MT 030,,t,t,t,t,t
35,B-LS-MT 019,B-LS-MT 002,,t,f,f,f,f
82,B-LS-MT 019,B-LS-MT 017,,t,t,f,t,f
266,B-LS-CB 010,B-LS-MT 007,,f,t,f,f,f
267,B-LS-CB 010,B-LS-CB 031,,f,f,t,f,f
268,B-LS-CB 010,B-LS-CB 019,,f,t,f,f,f
269,B-LS-CB 010,B-LS-CB 022,,f,t,f,f,f
270,B-LS-CB 010,B-LS-CB 024,,f,f,t,f,f
271,B-LS-MI 008,B-LS-MI 001,,t,t,t,t,t
272,B-LS-CB 011,B-LS-MT 007,,t,f,f,f,f
273,B-LS-CB 011,B-LS-CB 019,,t,f,t,f,f
274,B-LS-CB 011,B-LS-CB 024,,t,t,f,f,f
306,B-LS-CH 023,B-LS-CH 008,,t,t,t,t,t
276,B-LS-CH 016,B-LS-CH 007,1: äquivalent zu Statistik und Computeranwendungen LO 1 und Erweiterte mathematische Grundlagen - Analysis und induktive Statistik LO 3 / 2: äquivalent zu Erweiterte mathematische Grundlagen - Analysis und induktive Statistik LO 4,t,t,f,f,f
275,B-LS-CH 016,B-LS-KT 007,3: äquivalent zu Erweiterte mathematische Grundlagen - Analysis und induktive Statistik LO 1,f,t,t,f,f
307,B-LS-CH 023,B-LS-CH 009,,t,t,t,t,t
277,B-LS-CH 016,B-LS-CH 037,1: äquivalent zu Statistik und Computeranwendungen LO 3,t,f,t,f,f
279,B-LS-MT 017,B-LS-KT 012,,t,t,t,t,t
280,B-LS-PT 006,B-LS-PT 001,,t,t,t,t,t
281,B-LS-PT 006,B-LS-PT 002,,t,t,t,t,t
282,B-LS-PT 006,B-LS-CH 005,,t,t,t,t,t
283,B-LS-PT 006,B-LS-PT 009,,t,t,t,t,t
284,B-LS-PT 006,B-LS-PT 012,,t,t,t,t,t
285,B-LS-PT 006,B-LS-PT 003,,t,t,t,t,t
286,B-LS-PT 006,B-LS-CH 046,,t,t,t,t,t
288,B-LS-UT 004,B-LS-CH 001,,f,t,f,f,f
289,B-LS-UT 004,B-LS-UT 008,,t,t,t,t,t
290,B-LS-UT 004,B-LS-BZ 009,,t,t,t,t,t
291,B-LS-UT 004,B-LS-UT 019,,t,t,t,t,t
292,B-LS-UT 006,B-LS-UT 001,,t,t,t,t,t
293,B-LS-UT 006,B-LS-KT 007,,t,t,t,t,t
295,B-LS-UT 006,B-LS-UT 020,,t,t,t,t,t
296,B-LS-UT 007,B-LS-UT 027,,t,t,t,t,t
298,B-LS-UT 007,B-LS-UT 013,,t,t,t,t,t
301,B-LS-MI 022,B-LS-MI 007,,t,t,t,t,t
302,B-LS-MI 022,B-LS-MI 021,,t,t,t,t,t
303,B-LS-CH 024,B-LS-CH 003,,t,t,t,t,t
304,B-LS-CH 024,B-LS-CH 008,,t,t,t,t,t
305,B-LS-CH 024,B-LS-CH 009,,t,t,t,t,t
308,B-LS-CH 023,B-LS-CH 024,,t,t,t,t,t
309,B-LS-PT 007,B-LS-BZ 001,,t,t,t,t,t
310,B-LS-PT 007,B-LS-PT 008,,t,f,f,t,t
311,B-LS-PT 007,B-LS-PT 019,,t,t,t,t,t
312,B-LS-PT 007,B-LS-PT 021,,t,t,t,t,t
313,B-LS-CH 025,B-LS-CH 017,,f,t,f,f,f
314,B-LS-CH 025,B-LS-CH 018,,t,t,t,t,t
315,B-LS-PT 010,B-LS-BZ 043,,t,t,t,f,f
316,B-LS-PT 010,B-LS-PT 008,,f,f,t,f,f
317,B-LS-PT 010,B-LS-PT 004,,t,t,t,t,t
318,B-LS-PT 010,B-LS-PT 005,,t,t,t,t,t
12,B-LS-CH 010,B-LS-KT 039,,f,f,t,t,f
319,B-LS-CH 010,B-LS-KT 012,,t,f,f,t,f
320,B-LS-CH 026,B-LS-CH 001,,t,f,t,f,f
321,B-LS-CH 026,B-LS-KT 039,,t,t,t,f,t
322,B-LS-CH 026,B-LS-CH 011,,t,t,t,t,t
323,B-LS-CH 041,B-LS-CH 017,,t,t,f,f,f
324,B-LS-CH 041,B-LS-CH 022,,t,t,f,f,f
325,B-LS-CH 041,B-LS-CH 009,,t,t,t,t,t
326,B-LS-CH 041,B-LS-CH 011,,t,f,f,t,f
327,B-LS-CH 041,B-LS-CH 036,,t,t,t,t,t
328,B-LS-CH 041,B-LS-CH 002,,t,t,t,t,t
329,B-LS-CH 028,B-LS-CH 022,,f,f,t,f,f
330,B-LS-CH 028,B-LS-CH 027,,t,t,t,t,t
331,B-LS-CH 028,B-LS-CH 036,,f,f,t,f,f
332,B-LS-CH 029,B-LS-CH 018,,t,t,t,t,t
333,B-LS-CH 029,B-LS-CH 028,,t,t,t,t,t
334,B-LS-CH 030,B-LS-CH 018,,t,t,t,t,t
335,B-LS-CH 030,B-LS-CH 028,,t,t,t,t,t
336,B-LS-CH 031,B-LS-CH 016,,t,t,t,t,t
337,B-LS-BZ 008,B-LS-BZ 019,,t,f,f,f,f
338,B-LS-BZ 008,B-LS-CH 001,,f,t,f,t,t
339,B-LS-BZ 008,B-LS-BZ 022,,f,t,t,t,f
340,B-LS-BZ 008,B-LS-CH 004,,t,t,t,t,t
341,B-LS-BZ 008,B-LS-CH 007,,t,t,f,f,f
342,B-LS-BZ 045,B-LS-BZ 019,,t,f,f,f,f
343,B-LS-BZ 045,B-LS-CH 001,,f,t,f,t,t
344,B-LS-BZ 045,B-LS-BZ 022,,f,t,t,t,f
345,B-LS-BZ 045,B-LS-CH 004,,t,t,t,t,t
346,B-LS-BZ 045,B-LS-CH 007,,t,t,f,f,f
347,B-LS-BZ 006,B-LS-BZ 005,,t,f,f,f,f
348,B-LS-BZ 006,B-LS-BZ 034,,t,t,t,t,t
349,B-LS-BZ 044,B-LS-BZ 005,,t,f,f,f,f
350,B-LS-BZ 044,B-LS-BZ 034,,t,t,t,t,t
351,B-LS-BZ 016,B-LS-BZ 005,,t,f,f,f,f
352,B-LS-BZ 016,B-LS-BZ 014,,t,f,t,f,f
353,B-LS-CB 020,B-LS-MT 011,,t,t,t,t,t
355,B-LS-BZ 040,B-LS-BZ 014,,t,f,t,f,f
356,B-LS-BZ 040,B-LS-MI 007,,f,f,t,f,f
357,B-LS-PT 003,B-LS-CH 001,,t,t,f,t,f
358,B-LS-PT 003,B-LS-PT 008,,t,t,t,t,t
359,B-LS-CB 007,B-LS-CH 012,,t,t,t,t,t
360,B-LS-CB 007,B-LS-CH 013,,t,t,t,t,t
361,B-LS-CB 007,B-LS-CH 026,,t,t,t,t,t
362,B-LS-CB 007,B-LS-CB 013,,t,t,t,t,t
363,B-LS-CB 008,B-LS-CH 012,,t,t,t,t,t
365,B-LS-CB 008,B-LS-CH 026,,t,t,t,t,t
366,B-LS-CB 008,B-LS-CB 007,,t,t,t,t,t
367,B-LS-CB 008,B-LS-CB 013,,t,t,t,t,t
364,B-LS-CB 008,B-LS-CH 013,es fehlt in unseren Augen etwas zu Molekularbiologie und Zellbiologie damit die Studenten optimal davon profitieren können,t,t,t,t,t
368,B-LS-CB 006,B-LS-CB 004,,t,t,t,t,t
377,B-LS-CB 031,B-LS-CH 013,,t,t,t,t,t
378,B-LS-UT 023,B-LS-UT 028,,t,t,t,t,t
379,B-LS-UT 023,B-LS-UT 024,,f,f,t,f,f
380,B-LS-UT 023,B-LS-CH 013,,f,t,f,f,f
381,B-LS-CB 013,B-LS-CH 001,,t,t,t,t,t
382,B-LS-CB 013,B-LS-KT 039,,t,t,t,t,t
383,B-LS-CB 013,B-LS-CH 013,,t,t,t,t,t
384,B-LS-CB 013,B-LS-CH 011,,t,t,t,t,t
385,B-LS-PT 011,B-LS-PT 001,,t,t,t,t,t
386,B-LS-PT 011,B-LS-PT 002,,t,t,t,t,t
387,B-LS-PT 011,B-LS-CH 005,,t,t,t,t,t
388,B-LS-PT 011,B-LS-PT 009,,t,t,t,t,t
389,B-LS-PT 011,B-LS-PT 012,,t,t,t,t,t
390,B-LS-PT 011,B-LS-PT 003,,t,t,t,t,t
391,B-LS-PT 011,B-LS-CH 046,,t,t,t,t,t
393,B-LS-BZ 037,B-LS-CH 001,,t,t,f,t,t
394,B-LS-BZ 037,B-LS-BZ 022,,f,f,f,f,t
395,B-LS-BZ 037,B-LS-CH 004,,t,t,t,t,t
396,B-LS-BZ 037,B-LS-CH 007,,t,t,f,f,f
397,B-LS-MT 023,B-LS-KT 039,,t,t,t,t,t
398,B-LS-MT 023,B-LS-KT 027,,t,t,f,t,t
399,B-LS-MT 023,B-LS-KT 022,,t,t,t,t,t
400,B-LS-MT 023,B-LS-MT 007,,t,t,t,t,t
401,B-LS-MT 023,B-LS-KT 012,,t,t,t,t,t
402,B-LS-MT 023,B-LS-MT 006,,t,t,t,t,t
404,B-LS-MT 026,B-LS-MT 005,,t,t,t,t,t
405,B-LS-MT 026,B-LS-MI 001,,t,t,t,t,t
406,B-LS-MT 026,B-LS-MT 002,,t,t,t,t,t
411,B-LS-MT 026,B-LS-MT 030,,t,t,t,t,t
412,B-LS-MT 026,B-LS-MT 001,,t,t,t,t,t
413,B-LS-MT 026,B-LS-MT 015,,t,t,t,t,t
414,B-LS-MT 026,B-LS-MT 006,,t,t,t,t,t
416,B-LS-BZ 013,B-LS-BZ 034,,t,t,t,t,t
417,B-LS-BZ 025,B-LS-BZ 009,,t,t,t,t,t
418,B-LS-BZ 025,B-LS-UT 005,,t,t,t,t,t
419,B-LS-BZ 025,B-LS-BZ 014,,t,t,t,t,t
420,B-LS-BZ 025,B-LS-BZ 013,,t,t,t,t,t
421,B-LS-BZ 024,B-LS-BZ 014,,t,t,t,t,t
422,B-LS-BZ 024,B-LS-BZ 015,,t,t,t,t,t
423,B-LS-CH 040,B-LS-CH 039,,t,t,t,t,t
424,B-LS-CH 033,B-LS-CH 024,,t,t,t,t,t
425,B-LS-CH 033,B-LS-CH 032,,t,t,t,t,t
369,B-LS-PT 027,B-LS-PT 001,,t,t,t,t,t
372,B-LS-PT 027,B-LS-PT 009,,t,t,t,t,t
374,B-LS-PT 027,B-LS-PT 003,,t,t,t,t,t
375,B-LS-PT 027,B-LS-CH 046,,t,t,t,t,t
370,B-LS-PT 027,B-LS-PT 002,,t,t,t,t,t
373,B-LS-PT 027,B-LS-PT 012,,t,t,t,t,t
354,B-LS-BZ 040,B-LS-MI 002,,t,f,f,f,f
426,B-LS-CH 034,B-LS-CH 024,,t,t,t,t,t
427,B-LS-CH 034,B-LS-CH 023,,t,t,t,t,t
428,B-LS-CH 034,B-LS-CH 033,,t,t,t,t,t
429,B-LS-CH 035,B-LS-CH 024,,t,t,t,t,t
430,B-LS-CH 035,B-LS-CH 023,,t,t,t,t,t
431,B-LS-CH 035,B-LS-CH 034,,t,t,t,t,t
432,B-LS-PT 013,B-LS-BZ 034,,t,t,t,t,t
433,B-LS-CH 042,B-LS-CH 041,,t,t,t,t,t
434,B-LS-CH 042,B-LS-CH 027,,f,t,f,t,f
435,B-LS-CH 042,B-LS-CH 032,,f,f,t,t,f
436,B-LS-CB 009,B-LS-KT 039,,t,t,t,t,t
437,B-LS-CB 009,B-LS-CH 026,,t,t,t,t,t
438,B-LS-CB 009,B-LS-CB 022,,t,t,t,t,t
439,B-LS-PT 015,B-LS-PT 008,,t,f,f,t,t
440,B-LS-PT 015,B-LS-PT 007,,t,t,t,t,t
441,B-LS-PT 015,B-LS-PT 019,,t,t,t,t,t
445,B-LS-CB 016,B-LS-KT 039,,t,t,t,t,t
446,B-LS-CB 016,B-LS-CH 010,,t,t,t,t,t
447,B-LS-CB 016,B-LS-CB 022,,t,t,t,t,t
448,B-LS-CB 016,B-LS-CB 024,,t,t,t,f,f
449,B-LS-BZ 021,B-LS-BZ 011,,t,t,t,t,t
450,B-LS-BZ 021,B-LS-BZ 020,,t,t,t,t,t
451,B-LS-UT 018,B-LS-UT 028,,t,t,t,t,t
452,B-LS-UT 018,B-LS-UT 024,,t,t,f,f,f
453,B-LS-UT 018,B-LS-BZ 013,,f,f,f,t,f
455,B-LS-CB 005,B-LS-CB 003,,t,t,t,t,t
456,B-LS-CB 014,B-LS-CB 003,,t,t,t,t,t
457,B-LS-PT 022,B-LS-PT 008,,t,t,t,t,t
458,B-LS-PT 022,B-LS-PT 021,,t,t,t,t,t
459,B-LS-BZ 023,B-LS-BZ 011,,t,t,t,t,t
460,B-LS-BZ 023,B-LS-BZ 031,,t,t,f,f,f
461,B-LS-CB 017,B-LS-PT 001,,t,t,f,f,f
463,B-LS-CB 017,B-LS-KT 003,,f,f,f,t,f
467,B-LS-PT 017,B-LS-PT 008,,t,t,t,t,t
468,B-LS-PT 017,B-LS-PT 004,,t,t,t,t,t
469,B-LS-PT 018,B-LS-CH 001,,t,t,f,t,f
470,B-LS-PT 018,B-LS-PT 008,,t,t,t,t,t
471,B-LS-PT 018,B-LS-PT 017,,t,t,t,t,t
472,B-LS-MT 015,B-LS-CH 001,,t,t,t,t,t
473,B-LS-MI 024,B-LS-MI 007,,t,t,t,t,t
474,B-LS-MI 024,B-LS-MI 021,,t,t,t,t,t
475,B-LS-UT 032,B-LS-UT 001,,t,t,t,t,t
476,B-LS-UT 032,B-LS-UT 020,,t,t,t,t,t
484,B-LS-MI 021,B-LS-MI 005,,t,t,t,t,t
485,B-LS-MI 021,B-LS-MI 001,,t,t,t,t,t
486,B-LS-MI 021,B-LS-MI 006,,t,t,t,t,t
487,B-LS-CH 036,B-LS-KT 012,,f,f,f,f,t
488,B-LS-CH 037,B-LS-CH 007,,t,t,t,f,f
68,B-LS-PT 005,B-LS-BZ 003,,t,t,t,f,f
489,B-LS-CB 019,B-LS-CH 010,,t,t,f,f,f
490,B-LS-CH 038,B-LS-BZ 005,,t,f,f,f,f
491,B-LS-CH 038,B-LS-CH 003,,t,t,t,t,t
492,B-LS-CH 038,B-LS-CH 008,,t,t,t,t,f
493,B-LS-CH 038,B-LS-CH 009,,t,f,f,t,f
494,B-LS-BZ 029,B-LS-BZ 026,,t,t,t,t,t
495,B-LS-BZ 029,B-LS-BZ 014,,t,t,t,t,t
496,B-LS-CB 021,B-LS-PT 001,,t,t,t,t,t
497,B-LS-CB 021,B-LS-CB 003,,f,t,f,f,f
498,B-LS-CB 021,B-LS-CB 031,,t,t,t,t,t
499,B-LS-CB 021,B-LS-CB 022,,f,f,f,f,t
500,B-LS-CB 021,B-LS-CB 024,,t,t,t,t,t
501,B-LS-MT 006,B-LS-KT 039,,t,t,t,t,t
502,B-LS-MT 006,B-LS-KT 027,,t,t,f,t,t
503,B-LS-MT 006,B-LS-KT 022,,t,t,t,t,t
504,B-LS-MT 006,B-LS-KT 012,,t,t,f,f,t
505,B-LS-BZ 030,B-LS-PT 004,,t,t,t,t,t
506,B-LS-BZ 030,B-LS-BZ 014,,t,t,t,t,t
507,B-LS-BZ 030,B-LS-BZ 020,,t,t,t,t,t
508,B-LS-MT 024,B-LS-BZ 043,,t,t,t,t,t
509,B-LS-MT 024,B-LS-BZ 001,,t,t,t,t,t
510,B-LS-MT 024,B-LS-MT 001,,t,t,t,t,t
511,B-LS-MT 025,B-LS-BZ 043,,t,t,t,t,t
512,B-LS-MT 025,B-LS-MT 004,,t,t,t,t,t
513,B-LS-MT 025,B-LS-BZ 001,,t,t,t,t,t
514,B-LS-MT 025,B-LS-MT 015,,t,t,t,t,t
516,B-LS-CB 022,B-LS-CH 001,,f,f,t,f,f
517,B-LS-CB 022,B-LS-PT 001,,f,f,f,t,f
518,B-LS-CB 022,B-LS-BZ 022,,f,f,t,t,t
519,B-LS-CB 022,B-LS-MT 007,,f,t,f,f,f
520,B-LS-CB 022,B-LS-CH 010,,t,t,t,t,t
521,B-LS-CB 022,B-LS-CB 031,,t,t,t,t,t
522,B-LS-CB 022,B-LS-CB 019,,f,f,t,f,f
523,B-LS-CB 022,B-LS-CB 024,,t,t,t,t,t
524,B-LS-CB 023,B-LS-CB 016,,t,t,t,t,t
525,B-LS-CB 023,B-LS-CB 022,,t,t,t,t,t
526,B-LS-BZ 031,B-LS-BZ 043,,t,t,t,t,t
527,B-LS-BZ 031,B-LS-BZ 010,,t,t,t,t,t
528,B-LS-BZ 020,B-LS-BZ 043,,t,f,f,f,f
529,B-LS-BZ 020,B-LS-PT 004,,t,t,f,f,f
530,B-LS-BZ 020,B-LS-BZ 010,,f,t,f,f,f
531,B-LS-UT 013,B-LS-UT 027,,t,t,t,t,t
532,B-LS-UT 013,B-LS-UT 020,,t,t,t,t,t
44,B-LS-UT 014,B-LS-UT 008,,t,t,f,t,t
533,B-LS-UT 014,B-LS-BZ 020,,t,t,t,t,t
534,B-LS-UT 016,B-LS-UT 009,,f,t,f,f,f
535,B-LS-UT 016,B-LS-UT 024,,f,f,t,t,f
536,B-LS-UT 016,B-LS-UT 005,,t,t,f,f,f
537,B-LS-UT 017,B-LS-UT 024,,f,f,t,f,f
538,B-LS-UT 017,B-LS-UT 005,,t,t,t,t,t
539,B-LS-UT 017,B-LS-UT 021,,f,t,t,f,f
540,B-LS-UT 017,B-LS-UT 025,,f,f,t,t,f
541,B-LS-UT 026,B-LS-UT 023,,t,t,t,t,t
543,B-LS-UT 026,B-LS-UT 025,,t,t,t,t,t
544,B-LS-CB 027,B-LS-KT 039,,t,t,t,t,t
545,B-LS-CB 027,B-LS-CH 010,,t,t,t,t,t
546,B-LS-CB 027,B-LS-CB 009,,t,t,t,t,t
547,B-LS-CB 027,B-LS-CB 022,,t,t,t,t,t
548,B-LS-CB 027,B-LS-CB 024,,t,t,t,f,f
549,B-LS-PT 021,B-LS-PT 008,,t,t,t,t,t
551,B-LS-MI 013,B-LS-MI 001,,t,t,t,t,t
552,B-LS-MI 013,B-LS-MI 007,,t,t,t,t,t
553,B-LS-MI 012,B-LS-MI 001,,t,t,t,t,t
554,B-LS-MI 012,B-LS-MI 007,,t,t,t,t,t
555,B-LS-CB 028,B-LS-BZ 017,,t,t,t,t,t
556,B-LS-CB 028,B-LS-BZ 010,,t,t,t,t,t
558,B-LS-MI 003,B-LS-MI 007,,t,t,t,t,t
559,B-LS-MT 021,B-LS-MT 006,,t,t,t,t,f
561,B-LS-MT 021,B-LS-KT 012,,t,t,t,t,t
560,B-LS-MT 021,B-LS-KT 022,,t,t,t,t,f
371,B-LS-PT 027,B-LS-CH 005,,t,t,t,t,t
557,B-LS-MI 011,B-LS-MI 002,,f,f,t,f,f
562,B-LS-MT 001,B-LS-KT 028,,t,t,t,t,t
563,B-LS-MT 001,B-LS-KT 004,,t,t,t,t,t
564,B-LS-MT 001,B-LS-KT 027,,t,t,t,t,t
462,B-LS-CB 017,B-LS-CB 002a,,t,f,f,f,f
567,B-LS-MI 006,B-LS-MI 002,,t,t,t,t,t
570,B-LS-MT 026,B-LS-MT 022,,t,t,t,t,t
572,B-LS-MT 026,B-LS-MT 019,,t,t,t,t,t
573,B-LS-MT 025,B-LS-MT 024,,t,t,t,t,t
574,B-LS-MT 020,B-LS-MT 013,,t,t,t,t,t
575,B-LS-UT 006,B-LS-UT 003,,t,t,t,t,t
576,B-LS-UT 007,B-LS-UT 003,,t,t,t,t,t
568,B-LS-UT 018,B-LS-UT 017,,t,t,t,f,f
577,B-LS-UT 018,B-LS-UT 021,,f,f,t,f,f
578,B-LS-CH 046,B-LS-CH 005,,t,t,t,t,f
156,B-LS-KT 008,B-LS-KT 004,"Studienrichtungen: BZ, CH, UT, PT",t,t,t,t,t
157,B-LS-KT 008,B-LS-KT 028,"Studienrichtungen: BZ, CH, UT, PT",t,t,t,t,t
579,B-LS-KT 005,,mindestens 3 Semester Life Science Studium abgeschlossen,t,t,t,t,t
580,B-LS-KT 005,,Freude und Motivation an einer TutorInnentätigkeit,t,t,t,t,t
581,B-LS-KT 011,,Module des 4. Semesters abgeschlossen,t,t,t,t,t
409,B-LS-MT 026,B-LS-MT 014,paralleler Besuch,t,t,t,t,t
569,B-LS-MT 026,B-LS-MT 025,paralleler Besuch,t,t,t,t,t
582,B-LS-PT 004,B-LS-KT 039,,t,t,t,t,t
583,B-LS-CB 007,B-LS-CB 009,,,t,t,t,t
584,B-LS-CB 007,B-LS-CB 009,,t,t,t,t,t
585,B-LS-CB 008,B-LS-CB 009,,t,t,t,t,t
586,B-LS-CB 009,B-LS-CH 012,,t,t,t,t,t
110,B-LS-PT 014a,B-LS-PT 009,,f,f,t,t,t
287,B-LS-PT 006,B-LS-PT 014a,,t,t,t,t,t
392,B-LS-PT 011,B-LS-PT 014a,,t,t,t,t,t
376,B-LS-PT 027,B-LS-PT 014a,,t,t,t,t,t
64,B-LS-CB 002a,B-LS-CB 012,,t,f,f,t,t
45,B-LS-CB 002a,B-LS-MI 002,,t,f,f,f,f
191,B-LS-CB 003,B-LS-CB 002a,,f,t,f,f,f
196,B-LS-CB 004,B-LS-CB 002a,,f,t,f,f,f
587,B-LS-PT 014b,B-LS-PT 012,,f,t,t,f,f
588,B-LS-PT 014b,B-LS-PT 009,,f,f,t,t,t
589,B-LS-CB 002b,B-LS-CB 001,,t,f,f,t,t
590,B-LS-CB 002b,B-LS-CB 012,,t,f,f,t,t
591,B-LS-CB 002b,B-LS-MI 002,,t,f,f,f,f
592,B-LS-KT 016a,B-LS-KT 036,,t,t,t,t,
593,B-LS-KT 036a,B-LS-KT 014,,,t,t,t,
594,B-LS-CH 039,B-LS-CH 001,,t,t,f,f,t
595,B-LS-CH 039,B-LS-CH 003,,t,f,t,t,t
596,B-LS-PT 027,B-LS-PT 006,,t,t,t,t,t
597,B-LS-PT 011,B-LS-PT 006,,t,t,t,t,t
